{
  "name": "adaptableblotter",
  "globalDependencies": {
    "jquery": "registry:dt/jquery#1.10.0+20160704162008",
    "kendo-ui": "registry:dt/kendo-ui#2016.1.314+20160818051423",
    "react": "registry:dt/react#0.14.0+20160829191040",
    "react-bootstrap": "registry:dt/react-bootstrap#0.0.0+20160806072414",
    "react-dom": "registry:dt/react-dom#0.14.0+20160412154040",
    "react-redux": "registry:dt/react-redux#4.4.0+20160724070751",
    "redux": "registry:dt/redux#3.5.2+20160703092728"
  },
  "dependencies": {
    "redux-storage": "registry:npm/redux-storage#4.0.0+20160310030142",
    "redux-storage-engine-localstorage": "registry:npm/redux-storage-engine-localstorage#1.0.1+20160310030142"
  }
}
