{
  "resolution": "main",
  "tree": {
    "src": "https://raw.githubusercontent.com/asvetliakov/typings-redux-storage/f4dfaf7483baec13c7bc94c7ddcf4b7cc45dd311/typings.json",
    "raw": "registry:npm/redux-storage#4.0.0+20160310030142",
    "main": "index.d.ts",
    "dependencies": {
      "redux": {
        "src": "https://raw.githubusercontent.com/andrew-w-ross/typings-redux/master/typings.json",
        "raw": "github:andrew-w-ross/typings-redux",
        "main": "redux.d.ts",
        "name": "redux"
      }
    },
    "name": "redux-storage"
  }
}
